#chain	Abundance	Richness	CPK	Entropy	Clonality
IGH	0	0	NA	NA	NA
IGHM	0	0	NA	NA	NA
IGHD	0	0	NA	NA	NA
IGHG3	0	0	NA	NA	NA
IGHG1	0	0	NA	NA	NA
IGHA1	0	0	NA	NA	NA
IGHG2	0	0	NA	NA	NA
IGHG4	0	0	NA	NA	NA
IGHE	0	0	NA	NA	NA
IGHA2	0	0	NA	NA	NA
IGK	16	9	562.5	2.1006789212792607	0.04393982165173338
IGL	9	3	333.3333333333333	0.6837389058487535	0.3776340271255506
TRA	0	0	NA	NA	NA
TRB	5	3	600.0	0.9502705392332347	0.1350264792820728
TRG	0	0	NA	NA	NA
TRD	0	0	NA	NA	NA
