#chain	Abundance	Richness	CPK	Entropy	Clonality
IGH	0	0	NA	NA	NA
IGHM	0	0	NA	NA	NA
IGHD	0	0	NA	NA	NA
IGHG3	0	0	NA	NA	NA
IGHG1	0	0	NA	NA	NA
IGHA1	0	0	NA	NA	NA
IGHG2	0	0	NA	NA	NA
IGHG4	0	0	NA	NA	NA
IGHE	0	0	NA	NA	NA
IGHA2	0	0	NA	NA	NA
IGK	32	5	156.25	0.6415518483235773	0.6013814243052721
IGL	7	4	571.4285714285714	1.15374194270109	0.16775111039976942
TRA	0	0	NA	NA	NA
TRB	0	0	NA	NA	NA
TRG	0	0	NA	NA	NA
TRD	0	0	NA	NA	NA
