#chain	Abundance	Richness	CPK	Entropy	Clonality
IGH	15	1	66.66666666666667	0.0	NA
IGHM	0	0	NA	NA	NA
IGHD	0	0	NA	NA	NA
IGHG3	0	0	NA	NA	NA
IGHG1	0	0	NA	NA	NA
IGHA1	0	0	NA	NA	NA
IGHG2	15	1	66.66666666666667	0.0	NA
IGHG4	0	0	NA	NA	NA
IGHE	0	0	NA	NA	NA
IGHA2	0	0	NA	NA	NA
IGK	19	7	368.4210526315789	1.663232462218104	0.14526759469055728
IGL	79	8	101.26582278481013	0.8811930612717433	0.5762357134791638
TRA	1	1	1000.0	0.0	NA
TRB	2	2	1000.0	0.6931471805599453	0.0
TRG	1	1	1000.0	0.0	NA
TRD	0	0	NA	NA	NA
