#chain	Abundance	Richness	CPK	Entropy	Clonality
IGH	3	1	333.3333333333333	0.0	NA
IGHM	3	1	333.3333333333333	0.0	NA
IGHD	0	0	NA	NA	NA
IGHG3	0	0	NA	NA	NA
IGHG1	0	0	NA	NA	NA
IGHA1	0	0	NA	NA	NA
IGHG2	0	0	NA	NA	NA
IGHG4	0	0	NA	NA	NA
IGHE	0	0	NA	NA	NA
IGHA2	0	0	NA	NA	NA
IGK	14	4	285.7142857142857	1.3013055504369102	0.06130646785169336
IGL	7	2	285.7142857142857	0.6829081047004717	0.014771863965748477
TRA	0	0	NA	NA	NA
TRB	2	2	1000.0	0.6931471805599453	0.0
TRG	0	0	NA	NA	NA
TRD	0	0	NA	NA	NA
