#chain	Abundance	Richness	CPK	Entropy	Clonality
IGH	0	0	NA	NA	NA
IGHM	0	0	NA	NA	NA
IGHD	0	0	NA	NA	NA
IGHG3	0	0	NA	NA	NA
IGHG1	0	0	NA	NA	NA
IGHA1	0	0	NA	NA	NA
IGHG2	0	0	NA	NA	NA
IGHG4	0	0	NA	NA	NA
IGHE	0	0	NA	NA	NA
IGHA2	0	0	NA	NA	NA
IGK	18	6	333.3333333333333	1.3510394158370158	0.24597054513177197
IGL	16	6	375.0	1.5808185358593017	0.11772837648773982
TRA	0	0	NA	NA	NA
TRB	1	1	1000.0	0.0	NA
TRG	0	0	NA	NA	NA
TRD	0	0	NA	NA	NA
