#chain	Abundance	Richness	CPK	Entropy	Clonality
IGH	0	0	NA	NA	NA
IGHM	0	0	NA	NA	NA
IGHD	0	0	NA	NA	NA
IGHG3	0	0	NA	NA	NA
IGHG1	0	0	NA	NA	NA
IGHA1	0	0	NA	NA	NA
IGHG2	0	0	NA	NA	NA
IGHG4	0	0	NA	NA	NA
IGHE	0	0	NA	NA	NA
IGHA2	0	0	NA	NA	NA
IGK	7	4	571.4285714285714	1.15374194270109	0.16775111039976942
IGL	12	3	250.0	0.5660857389596289	0.48472655476490567
TRA	1	1	1000.0	0.0	NA
TRB	1	1	1000.0	0.0	NA
TRG	1	1	1000.0	0.0	NA
TRD	0	0	NA	NA	NA
