#chain	Abundance	Richness	CPK	Entropy	Clonality
IGH	272	13	47.79411764705882	2.077685309986898	0.18997024095511617
IGHM	45	2	44.44444444444444	0.6809991432654108	0.017525913161359097
IGHD	0	0	NA	NA	NA
IGHG3	0	0	NA	NA	NA
IGHG1	31	3	96.77419354838709	0.7872346994769008	0.28342809597433505
IGHA1	154	7	45.45454545454545	1.27057440978126	0.3470539169559862
IGHG2	0	0	NA	NA	NA
IGHG4	0	0	NA	NA	NA
IGHE	0	0	NA	NA	NA
IGHA2	40	1	25.0	0.0	NA
IGK	862	88	102.08816705336426	3.4231189800467714	0.23545645058965592
IGL	368	39	105.97826086956522	2.062591662550137	0.4369982378407218
TRA	3	3	1000.0	1.0986122886681096	2.220446049250313e-16
TRB	32	7	218.75	1.2219323766073222	0.37205097717356717
TRG	5	1	200.0	0.0	NA
TRD	15	1	66.66666666666667	0.0	NA
