#chain	Abundance	Richness	CPK	Entropy	Clonality
IGH	1	1	1000.0	0.0	NA
IGHM	0	0	NA	NA	NA
IGHD	0	0	NA	NA	NA
IGHG3	1	1	1000.0	0.0	NA
IGHG1	0	0	NA	NA	NA
IGHA1	0	0	NA	NA	NA
IGHG2	0	0	NA	NA	NA
IGHG4	0	0	NA	NA	NA
IGHE	0	0	NA	NA	NA
IGHA2	0	0	NA	NA	NA
IGK	7	4	571.4285714285714	1.351783994289646	0.024893967542626516
IGL	6	3	500.0	1.0114042647073516	0.07938016428569528
TRA	1	1	1000.0	0.0	NA
TRB	0	0	NA	NA	NA
TRG	0	0	NA	NA	NA
TRD	0	0	NA	NA	NA
