#chain	Abundance	Richness	CPK	Entropy	Clonality
IGH	0	0	NA	NA	NA
IGHM	0	0	NA	NA	NA
IGHD	0	0	NA	NA	NA
IGHG3	0	0	NA	NA	NA
IGHG1	0	0	NA	NA	NA
IGHA1	0	0	NA	NA	NA
IGHG2	0	0	NA	NA	NA
IGHG4	0	0	NA	NA	NA
IGHE	0	0	NA	NA	NA
IGHA2	0	0	NA	NA	NA
IGK	2	2	1000.0	0.6931471805599453	0.0
IGL	4	3	750.0	1.0397207708399179	0.05360536964281404
TRA	2	2	1000.0	0.6931471805599453	0.0
TRB	4	3	750.0	1.0397207708399179	0.05360536964281404
TRG	0	0	NA	NA	NA
TRD	0	0	NA	NA	NA
