#chain	Abundance	Richness	CPK	Entropy	Clonality
IGH	0	0	NA	NA	NA
IGHM	0	0	NA	NA	NA
IGHD	0	0	NA	NA	NA
IGHG3	0	0	NA	NA	NA
IGHG1	0	0	NA	NA	NA
IGHA1	0	0	NA	NA	NA
IGHG2	0	0	NA	NA	NA
IGHG4	0	0	NA	NA	NA
IGHE	0	0	NA	NA	NA
IGHA2	0	0	NA	NA	NA
IGK	0	0	NA	NA	NA
IGL	1	1	1000.0	0.0	NA
TRA	5	5	1000.0	1.6094379124341005	-2.220446049250313e-16
TRB	16	13	812.5	2.4799555205445176	0.033136653037522446
TRG	1	1	1000.0	0.0	NA
TRD	0	0	NA	NA	NA
