"chain"	"Abundance"	"Richness"	"CPK"	"Entropy"	"Clonality"
"IGH"	0	0	NA	0	1
"IGK"	7	2	285.714285714286	0.410116318288409	0.408327221417673
"IGL"	1	1	1000	0	NA
"TRA"	0	0	NA	0	1
"TRB"	0	0	NA	0	1
"TRG"	0	0	NA	0	1
"TRD"	0	0	NA	0	1
