"chain"	"Abundance"	"Richness"	"CPK"	"Entropy"	"Clonality"
"IGH"	1	1	1000	0	NA
"IGK"	8	7	875	1.90615474653985	0.020430235452939
"IGL"	58	7	120.689655172414	1.09341871195379	0.43809393641088
"TRA"	10	8	800	2.02532622077007	0.0260239683708793
"TRB"	8	6	750	1.66746193342929	0.0693717755834221
"TRG"	2	2	1000	0.693147180559945	0
"TRD"	0	0	NA	0	1
