"chain"	"Abundance"	"Richness"	"CPK"	"Entropy"	"Clonality"
"IGH"	0	0	NA	0	1
"IGK"	7	4	571.428571428571	1.15374194270109	0.167751110399769
"IGL"	12	4	333.333333333333	1.12692879480068	0.187092708153044
"TRA"	1	1	1000	0	NA
"TRB"	1	1	1000	0	NA
"TRG"	1	1	1000	0	NA
"TRD"	0	0	NA	0	1
