"chain"	"Abundance"	"Richness"	"CPK"	"Entropy"	"Clonality"
"IGH"	1	1	1000	0	NA
"IGK"	25	9	360	1.91128806384921	0.130135315450397
"IGL"	6	4	666.666666666667	1.242453324894	0.103759374819711
"TRA"	10	5	500	1.35923670066501	0.155458753541286
"TRB"	30	11	366.666666666667	1.94513660137366	0.188815031482312
"TRG"	2	2	1000	0.693147180559945	0
"TRD"	0	0	NA	0	1
