#chain	Abundance	Richness	CPK	Entropy	Clonality
IGH	0	0	NA	NA	NA
IGHM	0	0	NA	NA	NA
IGHD	0	0	NA	NA	NA
IGHG3	0	0	NA	NA	NA
IGHG1	0	0	NA	NA	NA
IGHA1	0	0	NA	NA	NA
IGHG2	0	0	NA	NA	NA
IGHG4	0	0	NA	NA	NA
IGHE	0	0	NA	NA	NA
IGHA2	0	0	NA	NA	NA
IGK	3	2	666.6666666666666	0.6365141682948128	0.08170416594551055
IGL	1	1	1000.0	0.0	NA
TRA	0	0	NA	NA	NA
TRB	3	2	666.6666666666666	0.6365141682948128	0.08170416594551055
TRG	0	0	NA	NA	NA
TRD	0	0	NA	NA	NA
