#chain	Abundance	Richness	CPK	Entropy	Clonality
IGH	0	0	NA	NA	NA
IGHM	0	0	NA	NA	NA
IGHD	0	0	NA	NA	NA
IGHG3	0	0	NA	NA	NA
IGHG1	0	0	NA	NA	NA
IGHA1	0	0	NA	NA	NA
IGHG2	0	0	NA	NA	NA
IGHG4	0	0	NA	NA	NA
IGHE	0	0	NA	NA	NA
IGHA2	0	0	NA	NA	NA
IGK	10	8	800.0	2.0253262207700673	0.02602396837087928
IGL	11	4	363.6363636363636	1.162225544921092	0.16163148497393365
TRA	0	0	NA	NA	NA
TRB	2	2	1000.0	0.6931471805599453	0.0
TRG	0	0	NA	NA	NA
TRD	0	0	NA	NA	NA
