#chain	Abundance	Richness	CPK	Entropy	Clonality
IGH	0	0	NA	NA	NA
IGHM	0	0	NA	NA	NA
IGHD	0	0	NA	NA	NA
IGHG3	0	0	NA	NA	NA
IGHG1	0	0	NA	NA	NA
IGHA1	0	0	NA	NA	NA
IGHG2	0	0	NA	NA	NA
IGHG4	0	0	NA	NA	NA
IGHE	0	0	NA	NA	NA
IGHA2	0	0	NA	NA	NA
IGK	35	22	628.5714285714286	2.9241028259596087	0.054007549206363414
IGL	5	4	800.0	1.3321790402101223	0.039035952556318754
TRA	1	1	1000.0	0.0	NA
TRB	4	3	750.0	1.0397207708399179	0.05360536964281404
TRG	0	0	NA	NA	NA
TRD	0	0	NA	NA	NA
