#chain	Abundance	Richness	CPK	Entropy	Clonality
IGH	1	1	1000.0	0.0	NA
IGHM	0	0	NA	NA	NA
IGHD	0	0	NA	NA	NA
IGHG3	0	0	NA	NA	NA
IGHG1	0	0	NA	NA	NA
IGHA1	0	0	NA	NA	NA
IGHG2	0	0	NA	NA	NA
IGHG4	0	0	NA	NA	NA
IGHE	0	0	NA	NA	NA
IGHA2	0	0	NA	NA	NA
IGK	6	5	833.3333333333334	1.5607104090414063	0.030276100131752748
IGL	15	8	533.3333333333334	1.933809998920632	0.07003396817857066
TRA	2	2	1000.0	0.6931471805599453	0.0
TRB	1	1	1000.0	0.0	NA
TRG	0	0	NA	NA	NA
TRD	0	0	NA	NA	NA
