"chain"	"Abundance"	"Richness"	"CPK"	"Entropy"	"Clonality"
"IGH"	0	0	NA	0	1
"IGK"	13	6	461.538461538462	1.67159527802125	0.0670649120434513
"IGL"	0	0	NA	0	1
"TRA"	1	1	1000	0	NA
"TRB"	1	1	1000	0	NA
"TRG"	0	0	NA	0	1
"TRD"	0	0	NA	0	1
