"chain"	"Abundance"	"Richness"	"CPK"	"Entropy"	"Clonality"
"IGH"	3	2	666.666666666667	0.636514168294813	0.0817041659455106
"IGK"	19	9	473.684210526316	2.04134526983995	0.0709437301512637
"IGL"	7	5	714.285714285714	1.47507631105469	0.0834835568003977
"TRA"	12	6	500	1.63263092715435	0.088811330318941
"TRB"	7	6	857.142857142857	1.74786809746676	0.0244962409938916
"TRG"	2	2	1000	0.693147180559945	0
"TRD"	0	0	NA	0	1
